subject,day,alpha,group
1,1,10.4,Confined
1,4,9.7,Confined
1,7,9.6,Confined
2,1,11.4,Confined
2,4,10.6,Confined
2,7,10.4,Confined
3,1,11.1,Confined
3,4,10,Confined
3,7,9.7,Confined
4,1,11,Confined
4,4,10.4,Confined
4,7,10.3,Confined
5,1,10.5,Confined
5,4,9.5,Confined
5,7,9.2,Confined
6,1,10.7,Confined
6,4,9.6,Confined
6,7,9.3,Confined
7,1,10.6,Confined
7,4,10.1,Confined
7,7,9.9,Confined
8,1,10,Confined
8,4,9.8,Confined
8,7,9.5,Confined
9,1,9.6,Confined
9,4,9.3,Confined
9,7,9,Confined
10,1,12.2,Confined
10,4,11,Confined
10,7,10.9,Confined
11,1,11,Control
11,4,11,Control
11,7,10.7,Control
12,1,10.6,Control
12,4,10.5,Control
12,7,10.7,Control
13,1,10.5,Control
13,4,10.7,Control
13,7,10.4,Control
14,1,11,Control
14,4,10.7,Control
14,7,10.4,Control
15,1,10.4,Control
15,4,10.6,Control
15,7,10.5,Control
16,1,10.3,Control
16,4,10.3,Control
16,7,10.3,Control
17,1,9.4,Control
17,4,9.6,Control
17,7,9.6,Control
18,1,11.2,Control
18,4,11.2,Control
18,7,11.1,Control
19,1,11.1,Control
19,4,11.1,Control
19,7,11.2,Control
20,1,10.3,Control
20,4,10.2,Control
20,7,10.4,Control